Species,Code,DBH,Biomass
Acer negundo,ACNE,2,0.762892916
Acer negundo,ACNE,4.3,4.663519358
Acer negundo,ACNE,5.1,6.981870079
Acer negundo,ACNE,7.3,16.3058122
Acer negundo,ACNE,7.5,17.38220764
Acer negundo,ACNE,7.5,17.38220764
Acer negundo,ACNE,9.7,31.93826855
Acer negundo,ACNE,18.7,150.8447235
Acer negundo,ACNE,39.6,889.623863
Acer rubrum,ACNE,6.1,10.66304231
Acer rubrum,ACNE,6.5,12.39135843
Acer rubrum,ACNE,6.8,13.78682837
Acer saccharum,ACSA,1,0.133627393
Acer saccharum,ACSA,1,0.133627393
Acer saccharum,ACSA,1,0.133627393
Acer saccharum,ACSA,1,0.133627393
Acer saccharum,ACSA,1.1,0.168520823
Acer saccharum,ACSA,1.1,0.168520823
Acer saccharum,ACSA,1.2,0.208275644
Acer saccharum,ACSA,1.2,0.208275644
Acer saccharum,ACSA,1.2,0.208275644
Acer saccharum,ACSA,1.2,0.208275644
Acer saccharum,ACSA,1.3,0.253079172
Acer saccharum,ACSA,1.3,0.253079172
Acer saccharum,ACSA,1.3,0.253079172
Acer saccharum,ACSA,1.3,0.253079172
Acer saccharum,ACSA,1.3,0.253079172
Acer saccharum,ACSA,1.3,0.253079172
Acer saccharum,ACSA,1.3,0.253079172
Acer saccharum,ACSA,1.3,0.253079172
Acer saccharum,ACSA,1.3,0.253079172
Acer saccharum,ACSA,1.3,0.253079172
Acer saccharum,ACSA,1.4,0.303110067
Acer saccharum,ACSA,1.4,0.303110067
Acer saccharum,ACSA,1.4,0.303110067
Acer saccharum,ACSA,1.4,0.303110067
Acer saccharum,ACSA,1.4,0.303110067
Acer saccharum,ACSA,1.5,0.35853936
Acer saccharum,ACSA,1.5,0.35853936
Acer saccharum,ACSA,1.5,0.35853936
Acer saccharum,ACSA,1.5,0.35853936
Acer saccharum,ACSA,1.5,0.35853936
Acer saccharum,ACSA,1.5,0.35853936
Acer saccharum,ACSA,1.6,0.419531291
Acer saccharum,ACSA,1.6,0.419531291
Acer saccharum,ACSA,1.6,0.419531291
Acer saccharum,ACSA,1.6,0.419531291
Acer saccharum,ACSA,1.6,0.419531291
Acer saccharum,ACSA,1.6,0.419531291
Acer saccharum,ACSA,1.6,0.419531291
Acer saccharum,ACSA,1.6,0.419531291
Acer saccharum,ACSA,1.7,0.486244006
Acer saccharum,ACSA,1.7,0.486244006
Acer saccharum,ACSA,1.7,0.486244006
Acer saccharum,ACSA,1.7,0.486244006
Acer saccharum,ACSA,1.7,0.486244006
Acer saccharum,ACSA,1.7,0.486244006
Acer saccharum,ACSA,1.7,0.486244006
Acer saccharum,ACSA,1.7,0.486244006
Acer saccharum,ACSA,1.7,0.486244006
Acer saccharum,ACSA,1.7,0.486244006
Acer saccharum,ACSA,1.7,0.486244006
Acer saccharum,ACSA,1.8,0.558830149
Acer saccharum,ACSA,1.8,0.558830149
Acer saccharum,ACSA,1.8,0.558830149
Acer saccharum,ACSA,1.8,0.558830149
Acer saccharum,ACSA,1.8,0.558830149
Acer saccharum,ACSA,1.8,0.558830149
Acer saccharum,ACSA,1.8,0.558830149
Acer saccharum,ACSA,1.8,0.558830149
Acer saccharum,ACSA,1.8,0.558830149
Acer saccharum,ACSA,1.9,0.637437357
Acer saccharum,ACSA,1.9,0.637437357
Acer saccharum,ACSA,1.9,0.637437357
Acer saccharum,ACSA,1.9,0.637437357
Acer saccharum,ACSA,1.9,0.637437357
Acer saccharum,ACSA,1.9,0.637437357
Acer saccharum,ACSA,1.9,0.637437357
Acer saccharum,ACSA,1.9,0.637437357
Acer saccharum,ACSA,1.9,0.637437357
Acer saccharum,ACSA,1.9,0.637437357
Acer saccharum,ACSA,1.9,0.637437357
Acer saccharum,ACSA,1.9,0.637437357
Acer saccharum,ACSA,1.9,0.637437357
Acer saccharum,ACSA,2,0.722208693
Acer saccharum,ACSA,2,0.722208693
Acer saccharum,ACSA,2,0.722208693
Acer saccharum,ACSA,2,0.722208693
Acer saccharum,ACSA,2,0.722208693
Acer saccharum,ACSA,2,0.722208693
Acer saccharum,ACSA,2,0.722208693
Acer saccharum,ACSA,2,0.722208693
Acer saccharum,ACSA,2,0.722208693
Acer saccharum,ACSA,2,0.722208693
Acer saccharum,ACSA,2.1,0.813283017
Acer saccharum,ACSA,2.1,0.813283017
Acer saccharum,ACSA,2.1,0.813283017
Acer saccharum,ACSA,2.1,0.813283017
Acer saccharum,ACSA,2.1,0.813283017
Acer saccharum,ACSA,2.1,0.813283017
Acer saccharum,ACSA,2.1,0.813283017
Acer saccharum,ACSA,2.1,0.813283017
Acer saccharum,ACSA,2.1,0.813283017
Acer saccharum,ACSA,2.1,0.813283017
Acer saccharum,ACSA,2.1,0.813283017
Acer saccharum,ACSA,2.1,0.813283017
Acer saccharum,ACSA,2.1,0.813283017
Acer saccharum,ACSA,2.2,0.910795311
Acer saccharum,ACSA,2.2,0.910795311
Acer saccharum,ACSA,2.2,0.910795311
Acer saccharum,ACSA,2.2,0.910795311
Acer saccharum,ACSA,2.2,0.910795311
Acer saccharum,ACSA,2.2,0.910795311
Acer saccharum,ACSA,2.2,0.910795311
Acer saccharum,ACSA,2.2,0.910795311
Acer saccharum,ACSA,2.2,0.910795311
Acer saccharum,ACSA,2.2,0.910795311
Acer saccharum,ACSA,2.2,0.910795311
Acer saccharum,ACSA,2.2,0.910795311
Acer saccharum,ACSA,2.2,0.910795311
Acer saccharum,ACSA,2.2,0.910795311
Acer saccharum,ACSA,2.2,0.910795311
Acer saccharum,ACSA,2.3,1.014876964
Acer saccharum,ACSA,2.3,1.014876964
Acer saccharum,ACSA,2.3,1.014876964
Acer saccharum,ACSA,2.3,1.014876964
Acer saccharum,ACSA,2.3,1.014876964
Acer saccharum,ACSA,2.3,1.014876964
Acer saccharum,ACSA,2.3,1.014876964
Acer saccharum,ACSA,2.3,1.014876964
Acer saccharum,ACSA,2.3,1.014876964
Acer saccharum,ACSA,2.4,1.125656027
Acer saccharum,ACSA,2.4,1.125656027
Acer saccharum,ACSA,2.4,1.125656027
Acer saccharum,ACSA,2.4,1.125656027
Acer saccharum,ACSA,2.4,1.125656027
Acer saccharum,ACSA,2.4,1.125656027
Acer saccharum,ACSA,2.4,1.125656027
Acer saccharum,ACSA,2.4,1.125656027
Acer saccharum,ACSA,2.4,1.125656027
Acer saccharum,ACSA,2.4,1.125656027
Acer saccharum,ACSA,2.4,1.125656027
Acer saccharum,ACSA,2.4,1.125656027
Acer saccharum,ACSA,2.4,1.125656027
Acer saccharum,ACSA,2.4,1.125656027
Acer saccharum,ACSA,2.4,1.125656027
Acer saccharum,ACSA,2.4,1.125656027
Acer saccharum,ACSA,2.5,1.243257436
Acer saccharum,ACSA,2.5,1.243257436
Acer saccharum,ACSA,2.5,1.243257436
Acer saccharum,ACSA,2.5,1.243257436
Acer saccharum,ACSA,2.5,1.243257436
Acer saccharum,ACSA,2.5,1.243257436
Acer saccharum,ACSA,2.5,1.243257436
Acer saccharum,ACSA,2.5,1.243257436
Acer saccharum,ACSA,2.5,1.243257436
Acer saccharum,ACSA,2.5,1.243257436
Acer saccharum,ACSA,2.5,1.243257436
Acer saccharum,ACSA,2.5,1.243257436
Acer saccharum,ACSA,2.5,1.243257436
Acer saccharum,ACSA,2.5,1.243257436
Acer saccharum,ACSA,2.6,1.367803214
Acer saccharum,ACSA,2.6,1.367803214
Acer saccharum,ACSA,2.6,1.367803214
Acer saccharum,ACSA,2.6,1.367803214
Acer saccharum,ACSA,2.6,1.367803214
Acer saccharum,ACSA,2.6,1.367803214
Acer saccharum,ACSA,2.6,1.367803214
Acer saccharum,ACSA,2.6,1.367803214
Acer saccharum,ACSA,2.6,1.367803214
Acer saccharum,ACSA,2.6,1.367803214
Acer saccharum,ACSA,2.6,1.367803214
Acer saccharum,ACSA,2.6,1.367803214
Acer saccharum,ACSA,2.6,1.367803214
Acer saccharum,ACSA,2.6,1.367803214
Acer saccharum,ACSA,2.7,1.499412652
Acer saccharum,ACSA,2.7,1.499412652
Acer saccharum,ACSA,2.7,1.499412652
Acer saccharum,ACSA,2.7,1.499412652
Acer saccharum,ACSA,2.7,1.499412652
Acer saccharum,ACSA,2.7,1.499412652
Acer saccharum,ACSA,2.7,1.499412652
Acer saccharum,ACSA,2.7,1.499412652
Acer saccharum,ACSA,2.7,1.499412652
Acer saccharum,ACSA,2.7,1.499412652
Acer saccharum,ACSA,2.7,1.499412652
Acer saccharum,ACSA,2.7,1.499412652
Acer saccharum,ACSA,2.7,1.499412652
Acer saccharum,ACSA,2.7,1.499412652
Acer saccharum,ACSA,2.7,1.499412652
Acer saccharum,ACSA,2.7,1.499412652
Acer saccharum,ACSA,2.7,1.499412652
Acer saccharum,ACSA,2.7,1.499412652
Acer saccharum,ACSA,2.8,1.638202469
Acer saccharum,ACSA,2.8,1.638202469
Acer saccharum,ACSA,2.8,1.638202469
Acer saccharum,ACSA,2.8,1.638202469
Acer saccharum,ACSA,2.8,1.638202469
Acer saccharum,ACSA,2.8,1.638202469
Acer saccharum,ACSA,2.8,1.638202469
Acer saccharum,ACSA,2.8,1.638202469
Acer saccharum,ACSA,2.8,1.638202469
Acer saccharum,ACSA,2.8,1.638202469
Acer saccharum,ACSA,2.8,1.638202469
Acer saccharum,ACSA,2.8,1.638202469
Acer saccharum,ACSA,2.8,1.638202469
Acer saccharum,ACSA,2.9,1.784286965
Acer saccharum,ACSA,2.9,1.784286965
Acer saccharum,ACSA,2.9,1.784286965
Acer saccharum,ACSA,2.9,1.784286965
Acer saccharum,ACSA,2.9,1.784286965
Acer saccharum,ACSA,2.9,1.784286965
Acer saccharum,ACSA,2.9,1.784286965
Acer saccharum,ACSA,2.9,1.784286965
Acer saccharum,ACSA,2.9,1.784286965
Acer saccharum,ACSA,2.9,1.784286965
Acer saccharum,ACSA,2.9,1.784286965
Acer saccharum,ACSA,2.9,1.784286965
Acer saccharum,ACSA,2.9,1.784286965
Acer saccharum,ACSA,2.9,1.784286965
Acer saccharum,ACSA,2.9,1.784286965
Acer saccharum,ACSA,2.9,1.784286965
Acer saccharum,ACSA,3,1.93777815
Acer saccharum,ACSA,3,1.93777815
Acer saccharum,ACSA,3,1.93777815
Acer saccharum,ACSA,3,1.93777815
Acer saccharum,ACSA,3,1.93777815
Acer saccharum,ACSA,3,1.93777815
Acer saccharum,ACSA,3,1.93777815
Acer saccharum,ACSA,3,1.93777815
Acer saccharum,ACSA,3,1.93777815
Acer saccharum,ACSA,3,1.93777815
Acer saccharum,ACSA,3,1.93777815
Acer saccharum,ACSA,3,1.93777815
Acer saccharum,ACSA,3,1.93777815
Acer saccharum,ACSA,3.1,2.098785869
Acer saccharum,ACSA,3.1,2.098785869
Acer saccharum,ACSA,3.1,2.098785869
Acer saccharum,ACSA,3.1,2.098785869
Acer saccharum,ACSA,3.1,2.098785869
Acer saccharum,ACSA,3.1,2.098785869
Acer saccharum,ACSA,3.1,2.098785869
Acer saccharum,ACSA,3.1,2.098785869
Acer saccharum,ACSA,3.1,2.098785869
Acer saccharum,ACSA,3.1,2.098785869
Acer saccharum,ACSA,3.1,2.098785869
Acer saccharum,ACSA,3.1,2.098785869
Acer saccharum,ACSA,3.1,2.098785869
Acer saccharum,ACSA,3.1,2.098785869
Acer saccharum,ACSA,3.1,2.098785869
Acer saccharum,ACSA,3.2,2.267417914
Acer saccharum,ACSA,3.2,2.267417914
Acer saccharum,ACSA,3.2,2.267417914
Acer saccharum,ACSA,3.2,2.267417914
Acer saccharum,ACSA,3.2,2.267417914
Acer saccharum,ACSA,3.2,2.267417914
Acer saccharum,ACSA,3.2,2.267417914
Acer saccharum,ACSA,3.2,2.267417914
Acer saccharum,ACSA,3.2,2.267417914
Acer saccharum,ACSA,3.2,2.267417914
Acer saccharum,ACSA,3.3,2.443780127
Acer saccharum,ACSA,3.3,2.443780127
Acer saccharum,ACSA,3.3,2.443780127
Acer saccharum,ACSA,3.3,2.443780127
Acer saccharum,ACSA,3.3,2.443780127
Acer saccharum,ACSA,3.3,2.443780127
Acer saccharum,ACSA,3.3,2.443780127
Acer saccharum,ACSA,3.3,2.443780127
Acer saccharum,ACSA,3.3,2.443780127
Acer saccharum,ACSA,3.3,2.443780127
Acer saccharum,ACSA,3.3,2.443780127
Acer saccharum,ACSA,3.3,2.443780127
Acer saccharum,ACSA,3.3,2.443780127
Acer saccharum,ACSA,3.3,2.443780127
Acer saccharum,ACSA,3.4,2.627976493
Acer saccharum,ACSA,3.4,2.627976493
Acer saccharum,ACSA,3.4,2.627976493
Acer saccharum,ACSA,3.4,2.627976493
Acer saccharum,ACSA,3.4,2.627976493
Acer saccharum,ACSA,3.4,2.627976493
Acer saccharum,ACSA,3.4,2.627976493
Acer saccharum,ACSA,3.4,2.627976493
Acer saccharum,ACSA,3.4,2.627976493
Acer saccharum,ACSA,3.4,2.627976493
Acer saccharum,ACSA,3.4,2.627976493
Acer saccharum,ACSA,3.4,2.627976493
Acer saccharum,ACSA,3.4,2.627976493
Acer saccharum,ACSA,3.4,2.627976493
Acer saccharum,ACSA,3.4,2.627976493
Acer saccharum,ACSA,3.5,2.820109229
Acer saccharum,ACSA,3.5,2.820109229
Acer saccharum,ACSA,3.5,2.820109229
Acer saccharum,ACSA,3.5,2.820109229
Acer saccharum,ACSA,3.5,2.820109229
Acer saccharum,ACSA,3.5,2.820109229
Acer saccharum,ACSA,3.5,2.820109229
Acer saccharum,ACSA,3.5,2.820109229
Acer saccharum,ACSA,3.5,2.820109229
Acer saccharum,ACSA,3.5,2.820109229
Acer saccharum,ACSA,3.5,2.820109229
Acer saccharum,ACSA,3.5,2.820109229
Acer saccharum,ACSA,3.5,2.820109229
Acer saccharum,ACSA,3.5,2.820109229
Acer saccharum,ACSA,3.5,2.820109229
Acer saccharum,ACSA,3.5,2.820109229
Acer saccharum,ACSA,3.6,3.020278865
Acer saccharum,ACSA,3.6,3.020278865
Acer saccharum,ACSA,3.6,3.020278865
Acer saccharum,ACSA,3.6,3.020278865
Acer saccharum,ACSA,3.6,3.020278865
Acer saccharum,ACSA,3.6,3.020278865
Acer saccharum,ACSA,3.6,3.020278865
Acer saccharum,ACSA,3.6,3.020278865
Acer saccharum,ACSA,3.6,3.020278865
Acer saccharum,ACSA,3.6,3.020278865
Acer saccharum,ACSA,3.6,3.020278865
Acer saccharum,ACSA,3.6,3.020278865
Acer saccharum,ACSA,3.7,3.228584318
Acer saccharum,ACSA,3.7,3.228584318
Acer saccharum,ACSA,3.7,3.228584318
Acer saccharum,ACSA,3.7,3.228584318
Acer saccharum,ACSA,3.7,3.228584318
Acer saccharum,ACSA,3.7,3.228584318
Acer saccharum,ACSA,3.7,3.228584318
Acer saccharum,ACSA,3.7,3.228584318
Acer saccharum,ACSA,3.7,3.228584318
Acer saccharum,ACSA,3.7,3.228584318
Acer saccharum,ACSA,3.8,3.445122962
Acer saccharum,ACSA,3.8,3.445122962
Acer saccharum,ACSA,3.8,3.445122962
Acer saccharum,ACSA,3.8,3.445122962
Acer saccharum,ACSA,3.8,3.445122962
Acer saccharum,ACSA,3.8,3.445122962
Acer saccharum,ACSA,3.8,3.445122962
Acer saccharum,ACSA,3.8,3.445122962
Acer saccharum,ACSA,3.8,3.445122962
Acer saccharum,ACSA,3.8,3.445122962
Acer saccharum,ACSA,3.8,3.445122962
Acer saccharum,ACSA,3.8,3.445122962
Acer saccharum,ACSA,3.8,3.445122962
Acer saccharum,ACSA,3.8,3.445122962
Acer saccharum,ACSA,3.8,3.445122962
Acer saccharum,ACSA,3.8,3.445122962
Acer saccharum,ACSA,3.8,3.445122962
Acer saccharum,ACSA,3.9,3.669990691
Acer saccharum,ACSA,3.9,3.669990691
Acer saccharum,ACSA,3.9,3.669990691
Acer saccharum,ACSA,3.9,3.669990691
Acer saccharum,ACSA,3.9,3.669990691
Acer saccharum,ACSA,3.9,3.669990691
Acer saccharum,ACSA,3.9,3.669990691
Acer saccharum,ACSA,3.9,3.669990691
Acer saccharum,ACSA,3.9,3.669990691
Acer saccharum,ACSA,3.9,3.669990691
Acer saccharum,ACSA,3.9,3.669990691
Acer saccharum,ACSA,3.9,3.669990691
Acer saccharum,ACSA,3.9,3.669990691
Acer saccharum,ACSA,3.9,3.669990691
Acer saccharum,ACSA,3.9,3.669990691
Acer saccharum,ACSA,4,3.903281985
Acer saccharum,ACSA,4,3.903281985
Acer saccharum,ACSA,4,3.903281985
Acer saccharum,ACSA,4,3.903281985
Acer saccharum,ACSA,4,3.903281985
Acer saccharum,ACSA,4,3.903281985
Acer saccharum,ACSA,4,3.903281985
Acer saccharum,ACSA,4,3.903281985
Acer saccharum,ACSA,4,3.903281985
Acer saccharum,ACSA,4.1,4.145089959
Acer saccharum,ACSA,4.1,4.145089959
Acer saccharum,ACSA,4.1,4.145089959
Acer saccharum,ACSA,4.1,4.145089959
Acer saccharum,ACSA,4.1,4.145089959
Acer saccharum,ACSA,4.1,4.145089959
Acer saccharum,ACSA,4.1,4.145089959
Acer saccharum,ACSA,4.2,4.395506422
Acer saccharum,ACSA,4.2,4.395506422
Acer saccharum,ACSA,4.2,4.395506422
Acer saccharum,ACSA,4.2,4.395506422
Acer saccharum,ACSA,4.2,4.395506422
Acer saccharum,ACSA,4.2,4.395506422
Acer saccharum,ACSA,4.2,4.395506422
Acer saccharum,ACSA,4.2,4.395506422
Acer saccharum,ACSA,4.2,4.395506422
Acer saccharum,ACSA,4.2,4.395506422
Acer saccharum,ACSA,4.2,4.395506422
Acer saccharum,ACSA,4.3,4.654621925
Acer saccharum,ACSA,4.3,4.654621925
Acer saccharum,ACSA,4.3,4.654621925
Acer saccharum,ACSA,4.3,4.654621925
Acer saccharum,ACSA,4.3,4.654621925
Acer saccharum,ACSA,4.3,4.654621925
Acer saccharum,ACSA,4.3,4.654621925
Acer saccharum,ACSA,4.3,4.654621925
Acer saccharum,ACSA,4.3,4.654621925
Acer saccharum,ACSA,4.3,4.654621925
Acer saccharum,ACSA,4.3,4.654621925
Acer saccharum,ACSA,4.3,4.654621925
Acer saccharum,ACSA,4.3,4.654621925
Acer saccharum,ACSA,4.4,4.922525804
Acer saccharum,ACSA,4.4,4.922525804
Acer saccharum,ACSA,4.4,4.922525804
Acer saccharum,ACSA,4.4,4.922525804
Acer saccharum,ACSA,4.4,4.922525804
Acer saccharum,ACSA,4.5,5.199306229
Acer saccharum,ACSA,4.5,5.199306229
Acer saccharum,ACSA,4.5,5.199306229
Acer saccharum,ACSA,4.5,5.199306229
Acer saccharum,ACSA,4.5,5.199306229
Acer saccharum,ACSA,4.5,5.199306229
Acer saccharum,ACSA,4.5,5.199306229
Acer saccharum,ACSA,4.5,5.199306229
Acer saccharum,ACSA,4.5,5.199306229
Acer saccharum,ACSA,4.5,5.199306229
Acer saccharum,ACSA,4.5,5.199306229
Acer saccharum,ACSA,4.5,5.199306229
Acer saccharum,ACSA,4.6,5.485050244
Acer saccharum,ACSA,4.6,5.485050244
Acer saccharum,ACSA,4.6,5.485050244
Acer saccharum,ACSA,4.6,5.485050244
Acer saccharum,ACSA,4.6,5.485050244
Acer saccharum,ACSA,4.6,5.485050244
Acer saccharum,ACSA,4.6,5.485050244
Acer saccharum,ACSA,4.7,5.779843804
Acer saccharum,ACSA,4.7,5.779843804
Acer saccharum,ACSA,4.7,5.779843804
Acer saccharum,ACSA,4.7,5.779843804
Acer saccharum,ACSA,4.7,5.779843804
Acer saccharum,ACSA,4.7,5.779843804
Acer saccharum,ACSA,4.7,5.779843804
Acer saccharum,ACSA,4.7,5.779843804
Acer saccharum,ACSA,4.7,5.779843804
Acer saccharum,ACSA,4.7,5.779843804
Acer saccharum,ACSA,4.7,5.779843804
Acer saccharum,ACSA,4.7,5.779843804
Acer saccharum,ACSA,4.7,5.779843804
Acer saccharum,ACSA,4.7,5.779843804
Acer saccharum,ACSA,4.7,5.779843804
Acer saccharum,ACSA,4.8,6.083771812
Acer saccharum,ACSA,4.8,6.083771812
Acer saccharum,ACSA,4.8,6.083771812
Acer saccharum,ACSA,4.8,6.083771812
Acer saccharum,ACSA,4.8,6.083771812
Acer saccharum,ACSA,4.8,6.083771812
Acer saccharum,ACSA,4.8,6.083771812
Acer saccharum,ACSA,4.8,6.083771812
Acer saccharum,ACSA,4.8,6.083771812
Acer saccharum,ACSA,4.8,6.083771812
Acer saccharum,ACSA,4.8,6.083771812
Acer saccharum,ACSA,4.9,6.396918156
Acer saccharum,ACSA,4.9,6.396918156
Acer saccharum,ACSA,4.9,6.396918156
Acer saccharum,ACSA,4.9,6.396918156
Acer saccharum,ACSA,4.9,6.396918156
Acer saccharum,ACSA,4.9,6.396918156
Acer saccharum,ACSA,4.9,6.396918156
Acer saccharum,ACSA,4.9,6.396918156
Acer saccharum,ACSA,5,6.719365742
Acer saccharum,ACSA,5,6.719365742
Acer saccharum,ACSA,5,6.719365742
Acer saccharum,ACSA,5,6.719365742
Acer saccharum,ACSA,5,6.719365742
Acer saccharum,ACSA,5,6.719365742
Acer saccharum,ACSA,5,6.719365742
Acer saccharum,ACSA,5,6.719365742
Acer saccharum,ACSA,5,6.719365742
Acer saccharum,ACSA,5,6.719365742
Acer saccharum,ACSA,5,6.719365742
Acer saccharum,ACSA,5.1,7.051196522
Acer saccharum,ACSA,5.1,7.051196522
Acer saccharum,ACSA,5.1,7.051196522
Acer saccharum,ACSA,5.1,7.051196522
Acer saccharum,ACSA,5.1,7.051196522
Acer saccharum,ACSA,5.1,7.051196522
Acer saccharum,ACSA,5.1,7.051196522
Acer saccharum,ACSA,5.1,7.051196522
Acer saccharum,ACSA,5.1,7.051196522
Acer saccharum,ACSA,5.1,7.051196522
Acer saccharum,ACSA,5.2,7.392491526
Acer saccharum,ACSA,5.2,7.392491526
Acer saccharum,ACSA,5.2,7.392491526
Acer saccharum,ACSA,5.2,7.392491526
Acer saccharum,ACSA,5.2,7.392491526
Acer saccharum,ACSA,5.2,7.392491526
Acer saccharum,ACSA,5.2,7.392491526
Acer saccharum,ACSA,5.2,7.392491526
Acer saccharum,ACSA,5.2,7.392491526
Acer saccharum,ACSA,5.2,7.392491526
Acer saccharum,ACSA,5.2,7.392491526
Acer saccharum,ACSA,5.2,7.392491526
Acer saccharum,ACSA,5.3,7.74333089
Acer saccharum,ACSA,5.3,7.74333089
Acer saccharum,ACSA,5.3,7.74333089
Acer saccharum,ACSA,5.3,7.74333089
Acer saccharum,ACSA,5.3,7.74333089
Acer saccharum,ACSA,5.3,7.74333089
Acer saccharum,ACSA,5.3,7.74333089
Acer saccharum,ACSA,5.3,7.74333089
Acer saccharum,ACSA,5.3,7.74333089
Acer saccharum,ACSA,5.3,7.74333089
Acer saccharum,ACSA,5.4,8.103793884
Acer saccharum,ACSA,5.4,8.103793884
Acer saccharum,ACSA,5.4,8.103793884
Acer saccharum,ACSA,5.4,8.103793884
Acer saccharum,ACSA,5.5,8.473958934
Acer saccharum,ACSA,5.5,8.473958934
Acer saccharum,ACSA,5.5,8.473958934
Acer saccharum,ACSA,5.5,8.473958934
Acer saccharum,ACSA,5.5,8.473958934
Acer saccharum,ACSA,5.5,8.473958934
Acer saccharum,ACSA,5.6,8.853903651
Acer saccharum,ACSA,5.6,8.853903651
Acer saccharum,ACSA,5.6,8.853903651
Acer saccharum,ACSA,5.6,8.853903651
Acer saccharum,ACSA,5.6,8.853903651
Acer saccharum,ACSA,5.7,9.243704847
Acer saccharum,ACSA,5.7,9.243704847
Acer saccharum,ACSA,5.7,9.243704847
Acer saccharum,ACSA,5.7,9.243704847
Acer saccharum,ACSA,5.7,9.243704847
Acer saccharum,ACSA,5.7,9.243704847
Acer saccharum,ACSA,5.7,9.243704847
Acer saccharum,ACSA,5.8,9.643438568
Acer saccharum,ACSA,5.8,9.643438568
Acer saccharum,ACSA,5.8,9.643438568
Acer saccharum,ACSA,5.8,9.643438568
Acer saccharum,ACSA,5.9,10.0531801
Acer saccharum,ACSA,5.9,10.0531801
Acer saccharum,ACSA,5.9,10.0531801
Acer saccharum,ACSA,5.9,10.0531801
Acer saccharum,ACSA,5.9,10.0531801
Acer saccharum,ACSA,5.9,10.0531801
Acer saccharum,ACSA,5.9,10.0531801
Acer saccharum,ACSA,6,10.47300401
Acer saccharum,ACSA,6,10.47300401
Acer saccharum,ACSA,6,10.47300401
Acer saccharum,ACSA,6,10.47300401
Acer saccharum,ACSA,6,10.47300401
Acer saccharum,ACSA,6,10.47300401
Acer saccharum,ACSA,6.1,10.90298415
Acer saccharum,ACSA,6.1,10.90298415
Acer saccharum,ACSA,6.1,10.90298415
Acer saccharum,ACSA,6.1,10.90298415
Acer saccharum,ACSA,6.1,10.90298415
Acer saccharum,ACSA,6.1,10.90298415
Acer saccharum,ACSA,6.1,10.90298415
Acer saccharum,ACSA,6.2,11.34319366
Acer saccharum,ACSA,6.2,11.34319366
Acer saccharum,ACSA,6.2,11.34319366
Acer saccharum,ACSA,6.3,11.79370504
Acer saccharum,ACSA,6.3,11.79370504
Acer saccharum,ACSA,6.3,11.79370504
Acer saccharum,ACSA,6.3,11.79370504
Acer saccharum,ACSA,6.3,11.79370504
Acer saccharum,ACSA,6.4,12.25459009
Acer saccharum,ACSA,6.4,12.25459009
Acer saccharum,ACSA,6.4,12.25459009
Acer saccharum,ACSA,6.4,12.25459009
Acer saccharum,ACSA,6.4,12.25459009
Acer saccharum,ACSA,6.4,12.25459009
Acer saccharum,ACSA,6.4,12.25459009
Acer saccharum,ACSA,6.4,12.25459009
Acer saccharum,ACSA,6.5,12.72592001
Acer saccharum,ACSA,6.5,12.72592001
Acer saccharum,ACSA,6.5,12.72592001
Acer saccharum,ACSA,6.5,12.72592001
Acer saccharum,ACSA,6.5,12.72592001
Acer saccharum,ACSA,6.5,12.72592001
Acer saccharum,ACSA,6.5,12.72592001
Acer saccharum,ACSA,6.6,13.20776534
Acer saccharum,ACSA,6.6,13.20776534
Acer saccharum,ACSA,6.6,13.20776534
Acer saccharum,ACSA,6.7,13.70019602
Acer saccharum,ACSA,6.7,13.70019602
Acer saccharum,ACSA,6.7,13.70019602
Acer saccharum,ACSA,6.7,13.70019602
Acer saccharum,ACSA,6.7,13.70019602
Acer saccharum,ACSA,6.7,13.70019602
Acer saccharum,ACSA,6.8,14.2032814
Acer saccharum,ACSA,6.8,14.2032814
Acer saccharum,ACSA,6.8,14.2032814
Acer saccharum,ACSA,6.8,14.2032814
Acer saccharum,ACSA,6.8,14.2032814
Acer saccharum,ACSA,6.8,14.2032814
Acer saccharum,ACSA,6.8,14.2032814
Acer saccharum,ACSA,6.8,14.2032814
Acer saccharum,ACSA,6.9,14.71709024
Acer saccharum,ACSA,6.9,14.71709024
Acer saccharum,ACSA,6.9,14.71709024
Acer saccharum,ACSA,6.9,14.71709024
Acer saccharum,ACSA,6.9,14.71709024
Acer saccharum,ACSA,6.9,14.71709024
Acer saccharum,ACSA,7,15.24169074
Acer saccharum,ACSA,7,15.24169074
Acer saccharum,ACSA,7,15.24169074
Acer saccharum,ACSA,7.1,15.77715051
Acer saccharum,ACSA,7.1,15.77715051
Acer saccharum,ACSA,7.2,16.32353667
Acer saccharum,ACSA,7.2,16.32353667
Acer saccharum,ACSA,7.2,16.32353667
Acer saccharum,ACSA,7.2,16.32353667
Acer saccharum,ACSA,7.3,16.88091575
Acer saccharum,ACSA,7.4,17.4493538
Acer saccharum,ACSA,7.4,17.4493538
Acer saccharum,ACSA,7.4,17.4493538
Acer saccharum,ACSA,7.4,17.4493538
Acer saccharum,ACSA,7.5,18.02891635
Acer saccharum,ACSA,7.5,18.02891635
Acer saccharum,ACSA,7.6,18.61966841
Acer saccharum,ACSA,7.6,18.61966841
Acer saccharum,ACSA,7.6,18.61966841
Acer saccharum,ACSA,7.6,18.61966841
Acer saccharum,ACSA,7.7,19.22167454
Acer saccharum,ACSA,7.7,19.22167454
Acer saccharum,ACSA,7.7,19.22167454
Acer saccharum,ACSA,7.8,19.83499878
Acer saccharum,ACSA,7.9,20.45970474
Acer saccharum,ACSA,7.9,20.45970474
Acer saccharum,ACSA,8,21.09585553
Acer saccharum,ACSA,8,21.09585553
Acer saccharum,ACSA,8,21.09585553
Acer saccharum,ACSA,8.1,21.74351384
Acer saccharum,ACSA,8.1,21.74351384
Acer saccharum,ACSA,8.1,21.74351384
Acer saccharum,ACSA,8.2,22.40274192
Acer saccharum,ACSA,8.2,22.40274192
Acer saccharum,ACSA,8.2,22.40274192
Acer saccharum,ACSA,8.2,22.40274192
Acer saccharum,ACSA,8.2,22.40274192
Acer saccharum,ACSA,8.2,22.40274192
Acer saccharum,ACSA,8.3,23.07360155
Acer saccharum,ACSA,8.3,23.07360155
Acer saccharum,ACSA,8.3,23.07360155
Acer saccharum,ACSA,8.4,23.75615413
Acer saccharum,ACSA,8.5,24.45046062
Acer saccharum,ACSA,8.5,24.45046062
Acer saccharum,ACSA,8.5,24.45046062
Acer saccharum,ACSA,8.5,24.45046062
Acer saccharum,ACSA,8.6,25.15658158
Acer saccharum,ACSA,8.6,25.15658158
Acer saccharum,ACSA,8.7,25.87457714
Acer saccharum,ACSA,8.7,25.87457714
Acer saccharum,ACSA,8.8,26.60450708
Acer saccharum,ACSA,8.8,26.60450708
Acer saccharum,ACSA,8.8,26.60450708
Acer saccharum,ACSA,8.9,27.34643076
Acer saccharum,ACSA,8.9,27.34643076
Acer saccharum,ACSA,9,28.10040717
Acer saccharum,ACSA,9,28.10040717
Acer saccharum,ACSA,9,28.10040717
Acer saccharum,ACSA,9,28.10040717
Acer saccharum,ACSA,9.1,28.86649492
Acer saccharum,ACSA,9.1,28.86649492
Acer saccharum,ACSA,9.1,28.86649492
Acer saccharum,ACSA,9.1,28.86649492
Acer saccharum,ACSA,9.6,32.88063012
Acer saccharum,ACSA,9.6,32.88063012
Acer saccharum,ACSA,9.7,33.72059676
Acer saccharum,ACSA,9.7,33.72059676
Acer saccharum,ACSA,9.7,33.72059676
Acer saccharum,ACSA,9.8,34.57307511
Acer saccharum,ACSA,9.8,34.57307511
Acer saccharum,ACSA,10,36.31579002
Acer saccharum,ACSA,10.2,38.10921776
Acer saccharum,ACSA,10.2,38.10921776
Acer saccharum,ACSA,10.2,38.10921776
Acer saccharum,ACSA,10.2,38.10921776
Acer saccharum,ACSA,10.3,39.02508599
Acer saccharum,ACSA,10.3,39.02508599
Acer saccharum,ACSA,10.6,41.84995868
Acer saccharum,ACSA,10.6,41.84995868
Acer saccharum,ACSA,10.7,42.8175179
Acer saccharum,ACSA,10.8,43.79813339
Acer saccharum,ACSA,10.9,44.79185799
Acer saccharum,ACSA,11,45.79874427
Acer saccharum,ACSA,11,45.79874427
Acer saccharum,ACSA,11,45.79874427
Acer saccharum,ACSA,11.2,47.85221078
Acer saccharum,ACSA,11.4,49.95894808
Acer saccharum,ACSA,11.4,49.95894808
Acer saccharum,ACSA,11.6,52.11936714
Acer saccharum,ACSA,11.7,53.21983465
Acer saccharum,ACSA,11.8,54.3338749
Acer saccharum,ACSA,11.8,54.3338749
Acer saccharum,ACSA,11.9,55.46153811
Acer saccharum,ACSA,11.9,55.46153811
Acer saccharum,ACSA,11.9,55.46153811
Acer saccharum,ACSA,12,56.60287432
Acer saccharum,ACSA,12.1,57.75793328
Acer saccharum,ACSA,12.1,57.75793328
Acer saccharum,ACSA,12.2,58.92676453
Acer saccharum,ACSA,12.2,58.92676453
Acer saccharum,ACSA,12.2,58.92676453
Acer saccharum,ACSA,12.3,60.10941738
Acer saccharum,ACSA,12.3,60.10941738
Acer saccharum,ACSA,12.3,60.10941738
Acer saccharum,ACSA,12.7,64.97922299
Acer saccharum,ACSA,12.8,66.23171555
Acer saccharum,ACSA,13,68.77908667
Acer saccharum,ACSA,13.2,71.38328988
Acer saccharum,ACSA,13.2,71.38328988
Acer saccharum,ACSA,13.5,75.39698084
Acer saccharum,ACSA,13.7,78.14491099
Acer saccharum,ACSA,13.9,80.9509823
Acer saccharum,ACSA,14.2,85.26990599
Acer saccharum,ACSA,14.2,85.26990599
Acer saccharum,ACSA,14.3,86.73901353
Acer saccharum,ACSA,14.3,86.73901353
Acer saccharum,ACSA,14.3,86.73901353
Acer saccharum,ACSA,14.5,89.72169867
Acer saccharum,ACSA,14.5,89.72169867
Acer saccharum,ACSA,14.9,95.86619955
Acer saccharum,ACSA,15.2,100.6327076
Acer saccharum,ACSA,16.1,115.7580077
Acer saccharum,ACSA,16.2,117.5159849
Acer saccharum,ACSA,16.2,117.5159849
Acer saccharum,ACSA,16.3,119.2895947
Acer saccharum,ACSA,16.3,119.2895947
Acer saccharum,ACSA,16.5,122.8838794
Acer saccharum,ACSA,16.6,124.7046375
Acer saccharum,ACSA,17.2,135.9624061
Acer saccharum,ACSA,17.3,137.8946194
Acer saccharum,ACSA,17.3,137.8946194
Acer saccharum,ACSA,17.6,143.7879302
Acer saccharum,ACSA,17.9,149.8270899
Acer saccharum,ACSA,18,151.87274
Acer saccharum,ACSA,18.3,158.1080342
Acer saccharum,ACSA,18.3,158.1080342
Acer saccharum,ACSA,18.6,164.4916682
Acer saccharum,ACSA,18.8,168.8303547
Acer saccharum,ACSA,18.9,171.0246932
Acer saccharum,ACSA,19,173.2357464
Acer saccharum,ACSA,19,173.2357464
Acer saccharum,ACSA,19.2,177.7081506
Acer saccharum,ACSA,19.2,177.7081506
Acer saccharum,ACSA,19.4,182.2478725
Acer saccharum,ACSA,19.8,191.5304824
Acer saccharum,ACSA,20.1,198.6713941
Acer saccharum,ACSA,20.5,208.4331274
Acer saccharum,ACSA,21,221.0251549
Acer saccharum,ACSA,21.1,223.5959068
Acer saccharum,ACSA,22.8,270.0104054
Acer saccharum,ACSA,23.5,290.6356513
Acer saccharum,ACSA,23.9,302.8249588
Acer saccharum,ACSA,24.5,321.66483
Acer saccharum,ACSA,24.8,331.3368795
Acer saccharum,ACSA,24.9,334.5984671
Acer saccharum,ACSA,25.4,351.189667
Acer saccharum,ACSA,25.7,361.3721712
Acer saccharum,ACSA,25.9,368.255958
Acer saccharum,ACSA,26.2,378.7254581
Acer saccharum,ACSA,26.4,385.8013785
Acer saccharum,ACSA,27,407.4939554
Acer saccharum,ACSA,27.9,441.3521514
Acer saccharum,ACSA,28.6,468.7936217
Acer saccharum,ACSA,31.5,593.0387153
Acer saccharum,ACSA,33.9,709.1001898
Acer saccharum,ACSA,37.4,900.6987299
Acer saccharum,ACSA,37.5,906.5722227
Acer saccharum,ACSA,38,936.2778025
Acer saccharum,ACSA,40.4,1086.798462
Acer saccharum,ACSA,47.8,1636.66156
Ailanthus altissima,AIAL,3.4,2.67607528
Ailanthus altissima,AIAL,6.8,13.78682837
Ailanthus altissima,AIAL,30.7,487.2238188
Ailanthus altissima,AIAL,32.7,565.6586457
Ailanthus altissima,AIAL,38.4,827.1786535
Ailanthus altissima,AIAL,40.3,927.2663595
Carya cordiformis,CACO,1,0.133627393
Carya cordiformis,CACO,2.9,1.784286965
Carya cordiformis,CACO,3.4,2.627976493
Carya cordiformis,CACO,4.8,6.083771812
Carya cordiformis,CACO,6.9,14.71709024
Carya cordiformis,CACO,7.5,18.02891635
Carya cordiformis,CACO,7.5,18.02891635
Carya cordiformis,CACO,9,28.10040717
Carya cordiformis,CACO,9.4,31.23800697
Carya cordiformis,CACO,9.7,33.72059676
Carya cordiformis,CACO,9.9,35.43812102
Carya cordiformis,CACO,10,36.31579002
Carya cordiformis,CACO,10.1,37.2061373
Carya cordiformis,CACO,11.4,49.95894808
Carya cordiformis,CACO,12.1,57.75793328
Carya cordiformis,CACO,13.3,72.70682176
Carya cordiformis,CACO,13.5,75.39698084
Carya cordiformis,CACO,13.6,76.76370133
Carya cordiformis,CACO,13.8,79.54065599
Carya cordiformis,CACO,16.7,126.5411947
Carya cordiformis,CACO,17.9,149.8270899
Carya cordiformis,CACO,18.2,156.0131727
Carya cordiformis,CACO,19.2,177.7081506
Carya cordiformis,CACO,20.4,205.9668134
Carya cordiformis,CACO,20.8,215.9361064
Carya cordiformis,CACO,20.9,218.4719001
Carya cordiformis,CACO,21.6,236.7133858
Carya cordiformis,CACO,21.7,239.3898763
Carya cordiformis,CACO,22.1,250.2736739
Carya cordiformis,CACO,23.6,293.655334
Carya cordiformis,CACO,23.8,299.749954
Carya cordiformis,CACO,24.2,312.1611559
Carya cordiformis,CACO,25.3,347.8335498
Carya cordiformis,CACO,26.5,389.3683104
Carya cordiformis,CACO,26.6,392.9545992
Carya cordiformis,CACO,26.9,403.8299231
Carya cordiformis,CACO,28.2,452.9934013
Carya cordiformis,CACO,31.1,574.8742225
Carya cordiformis,CACO,33.7,698.9598041
Carya cordiformis,CACO,38.2,948.3183064
Carya cordiformis,CACO,39.5,1028.802821
Carya cordiformis,CACO,39.9,1054.34737
Carya cordiformis,CACO,43.3,1286.572705
Carya cordiformis,CACO,44.3,1360.101898
Carya cordiformis,CACO,46.3,1514.442346
Carya cordiformis,CACO,46.9,1562.659764
Carya cordiformis,CACO,50.1,1835.018676
Carya cordiformis,CACO,51.4,1953.08849
Carya cordiformis,CACO,53.2,2123.780318
Carya cordiformis,CACO,53.4,2143.267725
Carya cordiformis,CACO,54.8,2282.627955
Carya cordiformis,CACO,57.5,2566.131831
Carya glabra,CAGL,35.9,815.2792762
Carya glabra,CAGL,50.8,1898.055664
Carya glabra,CAGL,61.9,3070.639796
Carya glabra,CAGL,72.8,4557.174932
Carya ovata,CAGL,11.3,48.8988948
Carya ovata,CAGL,14.2,85.26990599
Carya ovata,CAGL,15.14,99.66849527
Carya ovata,CAGL,19,173.2357464
Carya ovata,CAGL,35.5,793.3436561
Carya ovata,CAGL,39.3,1016.168767
Carya ovata,CAGL,50.2,1843.947214
Carya ovata,CAGL,53,2104.397698
Carya ovata,CAGL,61.9,3070.639796
Carya ovata,CAGL,71.5,4361.614352
Carya spp.,CASPP,34.7,750.5255887
Carya tomentosa,CATO,12.2,58.92676453
Carya tomentosa,CATO,17.2,135.9624061
Carya tomentosa,CATO,17.7,145.7847248
Carya tomentosa,CATO,18.2,156.0131727
Carya tomentosa,CATO,21.9,244.7961373
Carya tomentosa,CATO,28.5,464.8136299
Carya tomentosa,CATO,30.1,530.911411
Carya tomentosa,CATO,31.8,606.8810709
Carya tomentosa,CATO,34.5,740.0392213
Celtis occidentalis,CEOC,4.1,2.784828103
Celtis occidentalis,CEOC,4.2,2.956577705
Celtis occidentalis,CEOC,5,4.558707113
Celtis occidentalis,CEOC,5.2,5.02509167
Celtis occidentalis,CEOC,5.4,5.518862671
Celtis occidentalis,CEOC,5.9,6.876392466
Celtis occidentalis,CEOC,6.2,7.77775835
Celtis occidentalis,CEOC,6.8,9.78330447
Celtis occidentalis,CEOC,7.4,12.06942724
Celtis occidentalis,CEOC,8.5,17.02791944
Celtis occidentalis,CEOC,8.8,18.55976193
Celtis occidentalis,CEOC,9.8,24.24709108
Celtis occidentalis,CEOC,11.7,37.65210599
Celtis occidentalis,CEOC,11.8,38.45640209
Celtis occidentalis,CEOC,13.5,53.71970251
Celtis occidentalis,CEOC,14.8,67.49858289
Celtis occidentalis,CEOC,18.8,122.2702228
Celtis occidentalis,CEOC,19.5,133.8907709
Celtis occidentalis,CEOC,21,160.9464135
Celtis occidentalis,CEOC,21.5,170.6320467
Celtis occidentalis,CEOC,22.9,199.5726873
Celtis occidentalis,CEOC,23.7,217.3387686
Celtis occidentalis,CEOC,25.5,260.6707029
Cornus florida,COFL,3.6,2.016169059
Cornus florida,COFL,3.6,2.016169059
Cornus florida,COFL,4.1,2.784828103
Cornus florida,COFL,4.2,2.956577705
Cornus florida,COFL,4.4,3.318672579
Cornus florida,COFL,5.2,5.02509167
Cornus florida,COFL,5.3,5.268522111
Cornus florida,COFL,5.3,5.268522111
Cornus florida,COFL,5.3,5.268522111
Cornus florida,COFL,5.5,5.776176087
Cornus florida,COFL,5.5,5.776176087
Cornus florida,COFL,5.6,6.040524497
Cornus florida,COFL,5.8,6.590571969
Cornus florida,COFL,6.25,7.934466082
Cornus florida,COFL,6.3,8.093044706
Cornus florida,COFL,7.2,11.27547742
Cornus florida,COFL,7.3,11.66841879
Cornus florida,COFL,7.4,12.06942724
Cornus florida,COFL,7.9,14.19732637
Cornus florida,COFL,8.1,15.10679129
Cornus florida,COFL,9,19.62505837
Cornus florida,COFL,9.2,20.72606014
Cornus florida,COFL,9.4,21.86314873
Cornus florida,COFL,10.5,28.77884162
Cornus florida,COFL,10.9,31.5790014
Cornus florida,COFL,11.1,33.03766177
Cornus florida,COFL,13.3,51.76488282
Crateagus spp.,CRSPP,1.5,0.22923046
Crateagus spp.,CRSPP,1.9,0.412319859
Crateagus spp.,CRSPP,2,0.468336147
Crateagus spp.,CRSPP,2.2,0.593412121
Crateagus spp.,CRSPP,2.2,0.593412121
Crateagus spp.,CRSPP,2.5,0.815142799
Crateagus spp.,CRSPP,2.8,1.080106689
Crateagus spp.,CRSPP,2.8,1.080106689
Crateagus spp.,CRSPP,2.8,1.080106689
Crateagus spp.,CRSPP,2.9,1.178460724
Crateagus spp.,CRSPP,3.3,1.624347912
Crateagus spp.,CRSPP,3.6,2.016169059
Crateagus spp.,CRSPP,3.7,2.158135291
Crateagus spp.,CRSPP,3.7,2.158135291
Crateagus spp.,CRSPP,3.9,2.459566881
Crateagus spp.,CRSPP,4.3,3.134502311
Crateagus spp.,CRSPP,4.3,3.134502311
Crateagus spp.,CRSPP,4.6,3.706028543
Crateagus spp.,CRSPP,5,4.558707113
Crateagus spp.,CRSPP,6,7.169490856
Crateagus spp.,CRSPP,10.1,26.1325516
Euonymus atropurpureus,EUAT,5.1,4.788507999
Fagus grandifolia,FAGR,1.3,0.253079172
Fagus grandifolia,FAGR,1.4,0.303110067
Fagus grandifolia,FAGR,1.7,0.486244006
Fagus grandifolia,FAGR,1.7,0.486244006
Fagus grandifolia,FAGR,1.8,0.558830149
Fagus grandifolia,FAGR,1.8,0.558830149
Fagus grandifolia,FAGR,1.9,0.637437357
Fagus grandifolia,FAGR,2,0.722208693
Fagus grandifolia,FAGR,2,0.722208693
Fagus grandifolia,FAGR,2.2,0.910795311
Fagus grandifolia,FAGR,2.2,0.910795311
Fagus grandifolia,FAGR,2.2,0.910795311
Fagus grandifolia,FAGR,2.3,1.014876964
Fagus grandifolia,FAGR,2.3,1.014876964
Fagus grandifolia,FAGR,2.4,1.125656027
Fagus grandifolia,FAGR,2.5,1.243257436
Fagus grandifolia,FAGR,2.5,1.243257436
Fagus grandifolia,FAGR,2.6,1.367803214
Fagus grandifolia,FAGR,2.6,1.367803214
Fagus grandifolia,FAGR,2.9,1.784286965
Fagus grandifolia,FAGR,3,1.93777815
Fagus grandifolia,FAGR,3,1.93777815
Fagus grandifolia,FAGR,3.1,2.098785869
Fagus grandifolia,FAGR,3.2,2.267417914
Fagus grandifolia,FAGR,3.2,2.267417914
Fagus grandifolia,FAGR,3.3,2.443780127
Fagus grandifolia,FAGR,3.3,2.443780127
Fagus grandifolia,FAGR,3.3,2.443780127
Fagus grandifolia,FAGR,3.3,2.443780127
Fagus grandifolia,FAGR,3.3,2.443780127
Fagus grandifolia,FAGR,3.5,2.820109229
Fagus grandifolia,FAGR,3.5,2.820109229
Fagus grandifolia,FAGR,3.5,2.820109229
Fagus grandifolia,FAGR,3.5,2.820109229
Fagus grandifolia,FAGR,3.5,2.820109229
Fagus grandifolia,FAGR,3.7,3.228584318
Fagus grandifolia,FAGR,3.7,3.228584318
Fagus grandifolia,FAGR,3.8,3.445122962
Fagus grandifolia,FAGR,3.9,3.669990691
Fagus grandifolia,FAGR,3.9,3.669990691
Fagus grandifolia,FAGR,4,3.903281985
Fagus grandifolia,FAGR,4,3.903281985
Fagus grandifolia,FAGR,4,3.903281985
Fagus grandifolia,FAGR,4,3.903281985
Fagus grandifolia,FAGR,4.1,4.145089959
Fagus grandifolia,FAGR,4.1,4.145089959
Fagus grandifolia,FAGR,4.1,4.145089959
Fagus grandifolia,FAGR,4.2,4.395506422
Fagus grandifolia,FAGR,4.3,4.654621925
Fagus grandifolia,FAGR,4.3,4.654621925
Fagus grandifolia,FAGR,4.3,4.654621925
Fagus grandifolia,FAGR,4.3,4.654621925
Fagus grandifolia,FAGR,4.3,4.654621925
Fagus grandifolia,FAGR,4.4,4.922525804
Fagus grandifolia,FAGR,4.4,4.922525804
Fagus grandifolia,FAGR,4.4,4.922525804
Fagus grandifolia,FAGR,4.4,4.922525804
Fagus grandifolia,FAGR,4.4,4.922525804
Fagus grandifolia,FAGR,4.4,4.922525804
Fagus grandifolia,FAGR,4.5,5.199306229
Fagus grandifolia,FAGR,4.6,5.485050244
Fagus grandifolia,FAGR,4.6,5.485050244
Fagus grandifolia,FAGR,4.7,5.779843804
Fagus grandifolia,FAGR,4.7,5.779843804
Fagus grandifolia,FAGR,4.7,5.779843804
Fagus grandifolia,FAGR,4.7,5.779843804
Fagus grandifolia,FAGR,4.8,6.083771812
Fagus grandifolia,FAGR,4.9,6.396918156
Fagus grandifolia,FAGR,4.9,6.396918156
Fagus grandifolia,FAGR,4.9,6.396918156
Fagus grandifolia,FAGR,4.9,6.396918156
Fagus grandifolia,FAGR,5,6.719365742
Fagus grandifolia,FAGR,5,6.719365742
Fagus grandifolia,FAGR,5,6.719365742
Fagus grandifolia,FAGR,5,6.719365742
Fagus grandifolia,FAGR,5.1,7.051196522
Fagus grandifolia,FAGR,5.1,7.051196522
Fagus grandifolia,FAGR,5.1,7.051196522
Fagus grandifolia,FAGR,5.3,7.74333089
Fagus grandifolia,FAGR,5.3,7.74333089
Fagus grandifolia,FAGR,5.4,8.103793884
Fagus grandifolia,FAGR,5.4,8.103793884
Fagus grandifolia,FAGR,5.5,8.473958934
Fagus grandifolia,FAGR,5.6,8.853903651
Fagus grandifolia,FAGR,5.6,8.853903651
Fagus grandifolia,FAGR,5.6,8.853903651
Fagus grandifolia,FAGR,5.6,8.853903651
Fagus grandifolia,FAGR,5.6,8.853903651
Fagus grandifolia,FAGR,5.7,9.243704847
Fagus grandifolia,FAGR,5.8,9.643438568
Fagus grandifolia,FAGR,5.8,9.643438568
Fagus grandifolia,FAGR,5.8,9.643438568
Fagus grandifolia,FAGR,5.9,10.0531801
Fagus grandifolia,FAGR,5.9,10.0531801
Fagus grandifolia,FAGR,6.2,11.34319366
Fagus grandifolia,FAGR,6.3,11.79370504
Fagus grandifolia,FAGR,6.3,11.79370504
Fagus grandifolia,FAGR,6.4,12.25459009
Fagus grandifolia,FAGR,6.5,12.72592001
Fagus grandifolia,FAGR,6.5,12.72592001
Fagus grandifolia,FAGR,6.5,12.72592001
Fagus grandifolia,FAGR,6.5,12.72592001
Fagus grandifolia,FAGR,6.6,13.20776534
Fagus grandifolia,FAGR,6.7,13.70019602
Fagus grandifolia,FAGR,6.7,13.70019602
Fagus grandifolia,FAGR,6.8,14.2032814
Fagus grandifolia,FAGR,6.8,14.2032814
Fagus grandifolia,FAGR,6.8,14.2032814
Fagus grandifolia,FAGR,6.8,14.2032814
Fagus grandifolia,FAGR,7.1,15.77715051
Fagus grandifolia,FAGR,7.2,16.32353667
Fagus grandifolia,FAGR,7.3,16.88091575
Fagus grandifolia,FAGR,7.4,17.4493538
Fagus grandifolia,FAGR,7.45,17.73774044
Fagus grandifolia,FAGR,7.5,18.02891635
Fagus grandifolia,FAGR,7.5,18.02891635
Fagus grandifolia,FAGR,7.6,18.61966841
Fagus grandifolia,FAGR,7.6,18.61966841
Fagus grandifolia,FAGR,7.7,19.22167454
Fagus grandifolia,FAGR,7.7,19.22167454
Fagus grandifolia,FAGR,7.8,19.83499878
Fagus grandifolia,FAGR,7.8,19.83499878
Fagus grandifolia,FAGR,7.9,20.45970474
Fagus grandifolia,FAGR,7.9,20.45970474
Fagus grandifolia,FAGR,7.9,20.45970474
Fagus grandifolia,FAGR,7.9,20.45970474
Fagus grandifolia,FAGR,8,21.09585553
Fagus grandifolia,FAGR,8,21.09585553
Fagus grandifolia,FAGR,8.1,21.74351384
Fagus grandifolia,FAGR,8.1,21.74351384
Fagus grandifolia,FAGR,8.2,22.40274192
Fagus grandifolia,FAGR,8.3,23.07360155
Fagus grandifolia,FAGR,8.3,23.07360155
Fagus grandifolia,FAGR,8.3,23.07360155
Fagus grandifolia,FAGR,8.4,23.75615413
Fagus grandifolia,FAGR,8.6,25.15658158
Fagus grandifolia,FAGR,8.6,25.15658158
Fagus grandifolia,FAGR,8.7,25.87457714
Fagus grandifolia,FAGR,8.8,26.60450708
Fagus grandifolia,FAGR,8.8,26.60450708
Fagus grandifolia,FAGR,9,28.10040717
Fagus grandifolia,FAGR,9.1,28.86649492
Fagus grandifolia,FAGR,9.3,30.43523712
Fagus grandifolia,FAGR,9.8,34.57307511
Fagus grandifolia,FAGR,9.9,35.43812102
Fagus grandifolia,FAGR,10.3,39.02508599
Fagus grandifolia,FAGR,10.4,39.95379627
Fagus grandifolia,FAGR,10.4,39.95379627
Fagus grandifolia,FAGR,10.5,40.89540261
Fagus grandifolia,FAGR,10.7,42.8175179
Fagus grandifolia,FAGR,11,45.79874427
Fagus grandifolia,FAGR,11.1,46.81884453
Fagus grandifolia,FAGR,11.3,48.8988948
Fagus grandifolia,FAGR,11.8,54.3338749
Fagus grandifolia,FAGR,11.9,55.46153811
Fagus grandifolia,FAGR,11.9,55.46153811
Fagus grandifolia,FAGR,12.3,60.10941738
Fagus grandifolia,FAGR,12.5,62.51638397
Fagus grandifolia,FAGR,12.5,62.51638397
Fagus grandifolia,FAGR,12.5,62.51638397
Fagus grandifolia,FAGR,14,82.3759357
Fagus grandifolia,FAGR,14.1,83.81556179
Fagus grandifolia,FAGR,14.4,88.22292946
Fagus grandifolia,FAGR,14.5,89.72169867
Fagus grandifolia,FAGR,14.7,92.7639755
Fagus grandifolia,FAGR,14.8,94.30757201
Fagus grandifolia,FAGR,15,97.43990213
Fagus grandifolia,FAGR,15,97.43990213
Fagus grandifolia,FAGR,15.4,103.8863374
Fagus grandifolia,FAGR,15.4,103.8863374
Fagus grandifolia,FAGR,15.6,107.2011375
Fagus grandifolia,FAGR,16.2,117.5159849
Fagus grandifolia,FAGR,16.5,122.8838794
Fagus grandifolia,FAGR,16.7,126.5411947
Fagus grandifolia,FAGR,16.8,128.3935922
Fagus grandifolia,FAGR,16.9,130.2618712
Fagus grandifolia,FAGR,17.8,147.7977647
Fagus grandifolia,FAGR,18.7,166.6526926
Fagus grandifolia,FAGR,18.8,168.8303547
Fagus grandifolia,FAGR,18.8,168.8303547
Fagus grandifolia,FAGR,19.6,186.8552158
Fagus grandifolia,FAGR,19.9,193.8936807
Fagus grandifolia,FAGR,20,196.2739721
Fagus grandifolia,FAGR,20.1,198.6713941
Fagus grandifolia,FAGR,20.4,205.9668134
Fagus grandifolia,FAGR,20.7,213.4177373
Fagus grandifolia,FAGR,22.4,258.6242371
Fagus grandifolia,FAGR,22.8,270.0104054
Fagus grandifolia,FAGR,23.2,281.6867046
Fagus grandifolia,FAGR,23.3,284.6513706
Fagus grandifolia,FAGR,23.7,296.6934237
Fagus grandifolia,FAGR,23.9,302.8249588
Fagus grandifolia,FAGR,23.9,302.8249588
Fagus grandifolia,FAGR,25.3,347.8335498
Fagus grandifolia,FAGR,25.5,354.5647881
Fagus grandifolia,FAGR,25.7,361.3721712
Fagus grandifolia,FAGR,26.3,382.2537717
Fagus grandifolia,FAGR,26.4,385.8013785
Fagus grandifolia,FAGR,26.6,392.9545992
Fagus grandifolia,FAGR,26.8,400.1853739
Fagus grandifolia,FAGR,27,407.4939554
Fagus grandifolia,FAGR,27,407.4939554
Fagus grandifolia,FAGR,27.5,426.107462
Fagus grandifolia,FAGR,28.4,460.8536162
Fagus grandifolia,FAGR,28.7,472.793622
Fagus grandifolia,FAGR,30,526.6281314
Fagus grandifolia,FAGR,31.2,579.3841484
Fagus grandifolia,FAGR,32.2,625.630999
Fagus grandifolia,FAGR,34.35,732.2314363
Fagus grandifolia,FAGR,35,766.4184127
Fagus grandifolia,FAGR,35.3,782.507816
Fagus grandifolia,FAGR,36.5,848.8457663
Fagus grandifolia,FAGR,37.3,894.8477175
Fagus grandifolia,FAGR,40,1060.791246
Fagus grandifolia,FAGR,42.3,1215.439143
Fagus grandifolia,FAGR,59.7,2811.720926
Fagus grandifolia,FAGR,71.9,4421.248864
Fagus grandifolia,FAGR,86.1,6856.147742
Fagus grandifolia,FAGR,91.6,7971.525841
Fraxinus americana,FRAM,1,0.083743226
Fraxinus americana,FRAM,1.5,0.22923046
Fraxinus americana,FRAM,1.8,0.360511358
Fraxinus americana,FRAM,1.9,0.412319859
Fraxinus americana,FRAM,1.9,0.412319859
Fraxinus americana,FRAM,2,0.468336147
Fraxinus americana,FRAM,2.3,0.662675273
Fraxinus americana,FRAM,2.5,0.815142799
Fraxinus americana,FRAM,2.8,1.080106689
Fraxinus americana,FRAM,3.1,1.390741619
Fraxinus americana,FRAM,3.5,1.879934305
Fraxinus americana,FRAM,3.9,2.459566881
Fraxinus americana,FRAM,4.6,3.706028543
Fraxinus americana,FRAM,15.1,70.94780006
Fraxinus americana,FRAM,41.6,878.9576927
Fraxinus americana,FRAM,52.8,1588.952928
Fraxinus americana,FRAM,69.3,3121.840231
Juglans nigra,JUNI,31.7,447.5384595
Juglans nigra,JUNI,35.7,601.175398
Juglans nigra,JUNI,48.3,1273.598046
Juglans nigra,JUNI,71.8,3409.060763
Juglans nigra,JUNI,92.7,6429.72213
Liriodendron tulipifera,LITU,4.6,3.706028543
Liriodendron tulipifera,LITU,5.4,5.518862671
Liriodendron tulipifera,LITU,6.2,7.77775835
Liriodendron tulipifera,LITU,6.5,8.746212122
Liriodendron tulipifera,LITU,7.2,11.27547742
Liriodendron tulipifera,LITU,8,14.6478427
Liriodendron tulipifera,LITU,8.1,15.10679129
Liriodendron tulipifera,LITU,8.8,18.55976193
Liriodendron tulipifera,LITU,9.1,20.17107215
Liriodendron tulipifera,LITU,9.9,24.86621536
Liriodendron tulipifera,LITU,11,32.30341364
Liriodendron tulipifera,LITU,11.5,36.07387295
Liriodendron tulipifera,LITU,12.4,43.49731403
Liriodendron tulipifera,LITU,13.1,49.85318937
Liriodendron tulipifera,LITU,15.1,70.94780006
Liriodendron tulipifera,LITU,16,81.91843783
Liriodendron tulipifera,LITU,16.6,89.76109078
Liriodendron tulipifera,LITU,16.8,92.4709429
Liriodendron tulipifera,LITU,17.5,102.3374706
Liriodendron tulipifera,LITU,18.5,117.4818218
Liriodendron tulipifera,LITU,22.5,191.0270938
Liriodendron tulipifera,LITU,25.3,255.622748
Liriodendron tulipifera,LITU,25.8,268.3534757
Liriodendron tulipifera,LITU,25.9,270.9440692
Liriodendron tulipifera,LITU,26.7,292.2068567
Liriodendron tulipifera,LITU,27.1,303.1998058
Liriodendron tulipifera,LITU,27.2,305.9860012
Liriodendron tulipifera,LITU,27.3,308.7874342
Liriodendron tulipifera,LITU,29.3,368.0572866
Liriodendron tulipifera,LITU,29.9,387.060703
Liriodendron tulipifera,LITU,30.6,409.9575108
Liriodendron tulipifera,LITU,33.5,513.3321478
Liriodendron tulipifera,LITU,33.8,524.824753
Liriodendron tulipifera,LITU,34.4,548.2675938
Liriodendron tulipifera,LITU,35.1,576.3946069
Liriodendron tulipifera,LITU,37.6,683.7993722
Liriodendron tulipifera,LITU,39.3,763.1740306
Liriodendron tulipifera,LITU,40.4,817.3306873
Liriodendron tulipifera,LITU,41.1,852.95447
Liriodendron tulipifera,LITU,41.8,889.4898172
Liriodendron tulipifera,LITU,42.1,905.4287279
Liriodendron tulipifera,LITU,44.3,1027.527228
Liriodendron tulipifera,LITU,44.9,1062.437699
Liriodendron tulipifera,LITU,45.5,1098.047149
Liriodendron tulipifera,LITU,46,1128.258879
Liriodendron tulipifera,LITU,46.3,1146.621487
Liriodendron tulipifera,LITU,48.4,1280.156721
Liriodendron tulipifera,LITU,49,1319.932279
Liriodendron tulipifera,LITU,49.1,1326.632311
Liriodendron tulipifera,LITU,49.2,1333.352617
Liriodendron tulipifera,LITU,50,1387.847319
Liriodendron tulipifera,LITU,51.4,1486.368835
Liriodendron tulipifera,LITU,54.4,1711.234598
Liriodendron tulipifera,LITU,55.1,1766.443214
Liriodendron tulipifera,LITU,58.5,2049.657416
Liriodendron tulipifera,LITU,58.9,2084.639773
Liriodendron tulipifera,LITU,59.5,2137.777832
Liriodendron tulipifera,LITU,61,2274.13546
Liriodendron tulipifera,LITU,63.5,2512.686067
Liriodendron tulipifera,LITU,70.6,3269.31043
Liriodendron tulipifera,LITU,83,4886.299998
Liriodendron tulipifera,LITU,95.5,6922.899998
Magnolia acuminata,MAAC,13.1,49.85318937
Magnolia acuminata,MAAC,19,125.5261627
Magnolia acuminata,MAAC,44.4,1033.297292
Ostrya virginia,OSVI,1.3,0.160667487
Ostrya virginia,OSVI,2.4,0.73655351
Ostrya virginia,OSVI,2.9,1.178460724
Ostrya virginia,OSVI,3,1.281977258
Ostrya virginia,OSVI,3.3,1.624347912
Ostrya virginia,OSVI,3.6,2.016169059
Ostrya virginia,OSVI,3.7,2.158135291
Ostrya virginia,OSVI,3.9,2.459566881
Ostrya virginia,OSVI,4,2.619181975
Ostrya virginia,OSVI,4,2.619181975
Ostrya virginia,OSVI,4.7,3.909351449
Ostrya virginia,OSVI,4.8,4.11919449
Ostrya virginia,OSVI,4.9,4.335624379
Ostrya virginia,OSVI,5,4.558707113
Ostrya virginia,OSVI,5.2,5.02509167
Ostrya virginia,OSVI,5.4,5.518862671
Ostrya virginia,OSVI,5.5,5.776176087
Ostrya virginia,OSVI,5.8,6.590571969
Ostrya virginia,OSVI,5.8,6.590571969
Ostrya virginia,OSVI,5.9,6.876392466
Ostrya virginia,OSVI,5.9,6.876392466
Ostrya virginia,OSVI,6.1,7.469926526
Ostrya virginia,OSVI,6.2,7.77775835
Ostrya virginia,OSVI,6.3,8.093044706
Ostrya virginia,OSVI,6.3,8.093044706
Ostrya virginia,OSVI,6.6,9.084207564
Ostrya virginia,OSVI,6.7,9.429886324
Ostrya virginia,OSVI,6.7,9.429886324
Ostrya virginia,OSVI,6.7,9.429886324
Ostrya virginia,OSVI,6.9,10.14451764
Ostrya virginia,OSVI,6.9,10.14451764
Ostrya virginia,OSVI,7,10.51358105
Ostrya virginia,OSVI,7,10.51358105
Ostrya virginia,OSVI,7,10.51358105
Ostrya virginia,OSVI,7,10.51358105
Ostrya virginia,OSVI,7,10.51358105
Ostrya virginia,OSVI,7,10.51358105
Ostrya virginia,OSVI,7.1,10.89054951
Ostrya virginia,OSVI,7.1,10.89054951
Ostrya virginia,OSVI,7.1,10.89054951
Ostrya virginia,OSVI,7.2,11.27547742
Ostrya virginia,OSVI,7.2,11.27547742
Ostrya virginia,OSVI,7.2,11.27547742
Ostrya virginia,OSVI,7.3,11.66841879
Ostrya virginia,OSVI,7.4,12.06942724
Ostrya virginia,OSVI,7.5,12.478556
Ostrya virginia,OSVI,7.5,12.478556
Ostrya virginia,OSVI,7.7,13.32138564
Ostrya virginia,OSVI,7.7,13.32138564
Ostrya virginia,OSVI,7.7,13.32138564
Ostrya virginia,OSVI,7.8,13.75519117
Ostrya virginia,OSVI,7.9,14.19732637
Ostrya virginia,OSVI,7.9,14.19732637
Ostrya virginia,OSVI,7.9,14.19732637
Ostrya virginia,OSVI,8,14.6478427
Ostrya virginia,OSVI,8,14.6478427
Ostrya virginia,OSVI,8,14.6478427
Ostrya virginia,OSVI,8,14.6478427
Ostrya virginia,OSVI,8,14.6478427
Ostrya virginia,OSVI,8.1,15.10679129
Ostrya virginia,OSVI,8.2,15.57422294
Ostrya virginia,OSVI,8.2,15.57422294
Ostrya virginia,OSVI,8.2,15.57422294
Ostrya virginia,OSVI,8.2,15.57422294
Ostrya virginia,OSVI,8.3,16.05018813
Ostrya virginia,OSVI,8.3,16.05018813
Ostrya virginia,OSVI,8.3,16.05018813
Ostrya virginia,OSVI,8.4,16.53473701
Ostrya virginia,OSVI,8.4,16.53473701
Ostrya virginia,OSVI,8.4,16.53473701
Ostrya virginia,OSVI,8.4,16.53473701
Ostrya virginia,OSVI,8.4,16.53473701
Ostrya virginia,OSVI,8.5,17.02791944
Ostrya virginia,OSVI,8.5,17.02791944
Ostrya virginia,OSVI,8.5,17.02791944
Ostrya virginia,OSVI,8.5,17.02791944
Ostrya virginia,OSVI,8.5,17.02791944
Ostrya virginia,OSVI,8.5,17.02791944
Ostrya virginia,OSVI,8.6,17.52978496
Ostrya virginia,OSVI,8.6,17.52978496
Ostrya virginia,OSVI,8.6,17.52978496
Ostrya virginia,OSVI,8.7,18.04038281
Ostrya virginia,OSVI,8.7,18.04038281
Ostrya virginia,OSVI,8.7,18.04038281
Ostrya virginia,OSVI,8.8,18.55976193
Ostrya virginia,OSVI,8.8,18.55976193
Ostrya virginia,OSVI,8.9,19.08797099
Ostrya virginia,OSVI,8.9,19.08797099
Ostrya virginia,OSVI,8.9,19.08797099
Ostrya virginia,OSVI,8.9,19.08797099
Ostrya virginia,OSVI,8.9,19.08797099
Ostrya virginia,OSVI,8.9,19.08797099
Ostrya virginia,OSVI,8.9,19.08797099
Ostrya virginia,OSVI,9,19.62505837
Ostrya virginia,OSVI,9,19.62505837
Ostrya virginia,OSVI,9,19.62505837
Ostrya virginia,OSVI,9.1,20.17107215
Ostrya virginia,OSVI,9.1,20.17107215
Ostrya virginia,OSVI,9.1,20.17107215
Ostrya virginia,OSVI,9.1,20.17107215
Ostrya virginia,OSVI,9.2,20.72606014
Ostrya virginia,OSVI,9.2,20.72606014
Ostrya virginia,OSVI,9.2,20.72606014
Ostrya virginia,OSVI,9.2,20.72606014
Ostrya virginia,OSVI,9.2,20.72606014
Ostrya virginia,OSVI,9.3,21.29006991
Ostrya virginia,OSVI,9.3,21.29006991
Ostrya virginia,OSVI,9.3,21.29006991
Ostrya virginia,OSVI,9.5,22.44534363
Ostrya virginia,OSVI,9.5,22.44534363
Ostrya virginia,OSVI,9.5,22.44534363
Ostrya virginia,OSVI,9.5,22.44534363
Ostrya virginia,OSVI,9.6,23.03670135
Ostrya virginia,OSVI,9.7,23.63726842
Ostrya virginia,OSVI,9.7,23.63726842
Ostrya virginia,OSVI,9.7,23.63726842
Ostrya virginia,OSVI,9.7,23.63726842
Ostrya virginia,OSVI,9.7,23.63726842
Ostrya virginia,OSVI,9.7,23.63726842
Ostrya virginia,OSVI,9.8,24.24709108
Ostrya virginia,OSVI,9.8,24.24709108
Ostrya virginia,OSVI,9.8,24.24709108
Ostrya virginia,OSVI,9.8,24.24709108
Ostrya virginia,OSVI,9.8,24.24709108
Ostrya virginia,OSVI,9.8,24.24709108
Ostrya virginia,OSVI,9.9,24.86621536
Ostrya virginia,OSVI,9.9,24.86621536
Ostrya virginia,OSVI,9.9,24.86621536
Ostrya virginia,OSVI,9.9,24.86621536
Ostrya virginia,OSVI,10,25.49468702
Ostrya virginia,OSVI,10,25.49468702
Ostrya virginia,OSVI,10,25.49468702
Ostrya virginia,OSVI,10.1,26.1325516
Ostrya virginia,OSVI,10.1,26.1325516
Ostrya virginia,OSVI,10.1,26.1325516
Ostrya virginia,OSVI,10.2,26.7798544
Ostrya virginia,OSVI,10.2,26.7798544
Ostrya virginia,OSVI,10.2,26.7798544
Ostrya virginia,OSVI,10.3,27.43664048
Ostrya virginia,OSVI,10.3,27.43664048
Ostrya virginia,OSVI,10.3,27.43664048
Ostrya virginia,OSVI,10.4,28.10295468
Ostrya virginia,OSVI,10.4,28.10295468
Ostrya virginia,OSVI,10.4,28.10295468
Ostrya virginia,OSVI,10.5,28.77884162
Ostrya virginia,OSVI,10.5,28.77884162
Ostrya virginia,OSVI,10.5,28.77884162
Ostrya virginia,OSVI,10.6,29.46434569
Ostrya virginia,OSVI,10.7,30.15951107
Ostrya virginia,OSVI,10.7,30.15951107
Ostrya virginia,OSVI,10.7,30.15951107
Ostrya virginia,OSVI,10.8,30.86438173
Ostrya virginia,OSVI,10.8,30.86438173
Ostrya virginia,OSVI,10.8,30.86438173
Ostrya virginia,OSVI,10.9,31.5790014
Ostrya virginia,OSVI,10.9,31.5790014
Ostrya virginia,OSVI,11,32.30341364
Ostrya virginia,OSVI,11,32.30341364
Ostrya virginia,OSVI,11,32.30341364
Ostrya virginia,OSVI,11.1,33.03766177
Ostrya virginia,OSVI,11.1,33.03766177
Ostrya virginia,OSVI,11.2,33.78178894
Ostrya virginia,OSVI,11.3,34.53583806
Ostrya virginia,OSVI,11.3,34.53583806
Ostrya virginia,OSVI,11.3,34.53583806
Ostrya virginia,OSVI,11.3,34.53583806
Ostrya virginia,OSVI,11.3,34.53583806
Ostrya virginia,OSVI,11.3,34.53583806
Ostrya virginia,OSVI,11.4,35.29985189
Ostrya virginia,OSVI,11.4,35.29985189
Ostrya virginia,OSVI,11.4,35.29985189
Ostrya virginia,OSVI,11.5,36.07387295
Ostrya virginia,OSVI,11.5,36.07387295
Ostrya virginia,OSVI,11.5,36.07387295
Ostrya virginia,OSVI,11.6,36.8579436
Ostrya virginia,OSVI,11.6,36.8579436
Ostrya virginia,OSVI,11.7,37.65210599
Ostrya virginia,OSVI,11.7,37.65210599
Ostrya virginia,OSVI,11.7,37.65210599
Ostrya virginia,OSVI,11.7,37.65210599
Ostrya virginia,OSVI,11.8,38.45640209
Ostrya virginia,OSVI,11.8,38.45640209
Ostrya virginia,OSVI,11.8,38.45640209
Ostrya virginia,OSVI,11.8,38.45640209
Ostrya virginia,OSVI,11.9,39.27087369
Ostrya virginia,OSVI,12,40.0955624
Ostrya virginia,OSVI,12,40.0955624
Ostrya virginia,OSVI,12,40.0955624
Ostrya virginia,OSVI,12,40.0955624
Ostrya virginia,OSVI,12,40.0955624
Ostrya virginia,OSVI,12.1,40.93050962
Ostrya virginia,OSVI,12.1,40.93050962
Ostrya virginia,OSVI,12.1,40.93050962
Ostrya virginia,OSVI,12.2,41.77575662
Ostrya virginia,OSVI,12.2,41.77575662
Ostrya virginia,OSVI,12.2,41.77575662
Ostrya virginia,OSVI,12.2,41.77575662
Ostrya virginia,OSVI,12.3,42.63134446
Ostrya virginia,OSVI,12.3,42.63134446
Ostrya virginia,OSVI,12.3,42.63134446
Ostrya virginia,OSVI,12.4,43.49731403
Ostrya virginia,OSVI,12.5,44.37370606
Ostrya virginia,OSVI,12.5,44.37370606
Ostrya virginia,OSVI,12.5,44.37370606
Ostrya virginia,OSVI,12.5,44.37370606
Ostrya virginia,OSVI,12.7,46.15791955
Ostrya virginia,OSVI,12.7,46.15791955
Ostrya virginia,OSVI,12.7,46.15791955
Ostrya virginia,OSVI,12.7,46.15791955
Ostrya virginia,OSVI,12.8,47.06582162
Ostrya virginia,OSVI,12.9,47.98430738
Ostrya virginia,OSVI,12.9,47.98430738
Ostrya virginia,OSVI,12.9,47.98430738
Ostrya virginia,OSVI,12.9,47.98430738
Ostrya virginia,OSVI,12.9,47.98430738
Ostrya virginia,OSVI,13.1,49.85318937
Ostrya virginia,OSVI,13.1,49.85318937
Ostrya virginia,OSVI,13.1,49.85318937
Ostrya virginia,OSVI,13.1,49.85318937
Ostrya virginia,OSVI,13.1,49.85318937
Ostrya virginia,OSVI,13.2,50.80366493
Ostrya virginia,OSVI,13.2,50.80366493
Ostrya virginia,OSVI,13.2,50.80366493
Ostrya virginia,OSVI,13.3,51.76488282
Ostrya virginia,OSVI,13.3,51.76488282
Ostrya virginia,OSVI,13.4,52.7368823
Ostrya virginia,OSVI,13.4,52.7368823
Ostrya virginia,OSVI,13.5,53.71970251
Ostrya virginia,OSVI,13.5,53.71970251
Ostrya virginia,OSVI,13.6,54.7133824
Ostrya virginia,OSVI,13.7,55.71796079
Ostrya virginia,OSVI,13.7,55.71796079
Ostrya virginia,OSVI,13.7,55.71796079
Ostrya virginia,OSVI,13.8,56.73347637
Ostrya virginia,OSVI,13.8,56.73347637
Ostrya virginia,OSVI,13.8,56.73347637
Ostrya virginia,OSVI,13.8,56.73347637
Ostrya virginia,OSVI,13.8,56.73347637
Ostrya virginia,OSVI,13.9,57.75996765
Ostrya virginia,OSVI,13.9,57.75996765
Ostrya virginia,OSVI,13.9,57.75996765
Ostrya virginia,OSVI,14,58.79747302
Ostrya virginia,OSVI,14,58.79747302
Ostrya virginia,OSVI,14,58.79747302
Ostrya virginia,OSVI,14.1,59.84603072
Ostrya virginia,OSVI,14.4,63.0583981
Ostrya virginia,OSVI,14.4,63.0583981
Ostrya virginia,OSVI,14.6,65.25593282
Ostrya virginia,OSVI,14.7,66.37159978
Ostrya virginia,OSVI,14.7,66.37159978
Ostrya virginia,OSVI,14.7,66.37159978
Ostrya virginia,OSVI,14.8,67.49858289
Ostrya virginia,OSVI,14.9,68.63691931
Ostrya virginia,OSVI,14.9,68.63691931
Ostrya virginia,OSVI,15,69.78664607
Ostrya virginia,OSVI,15.1,70.94780006
Ostrya virginia,OSVI,15.1,70.94780006
Ostrya virginia,OSVI,15.1,70.94780006
Ostrya virginia,OSVI,15.1,70.94780006
Ostrya virginia,OSVI,15.2,72.12041806
Ostrya virginia,OSVI,15.4,74.50019253
Ostrya virginia,OSVI,15.4,74.50019253
Ostrya virginia,OSVI,15.4,74.50019253
Ostrya virginia,OSVI,15.5,75.70742191
Ostrya virginia,OSVI,15.6,76.92626115
Ostrya virginia,OSVI,15.6,76.92626115
Ostrya virginia,OSVI,15.6,76.92626115
Ostrya virginia,OSVI,15.7,78.15674638
Ostrya virginia,OSVI,15.8,79.39891364
Ostrya virginia,OSVI,15.9,80.65279886
Ostrya virginia,OSVI,16,81.91843783
Ostrya virginia,OSVI,16.15,83.8390126
Ostrya virginia,OSVI,16.2,84.48511966
Ostrya virginia,OSVI,16.5,88.42418392
Ostrya virginia,OSVI,16.7,91.10999881
Ostrya virginia,OSVI,16.7,91.10999881
Ostrya virginia,OSVI,16.8,92.4709429
Ostrya virginia,OSVI,16.9,93.84395785
Ostrya virginia,OSVI,17.1,96.62633896
Ostrya virginia,OSVI,17.3,99.45741837
Ostrya virginia,OSVI,17.4,100.8913058
Ostrya virginia,OSVI,17.4,100.8913058
Ostrya virginia,OSVI,17.6,103.7959469
Ostrya virginia,OSVI,18,109.7536447
Ostrya virginia,OSVI,18,109.7536447
Ostrya virginia,OSVI,18.1,111.2741859
Ostrya virginia,OSVI,18.3,114.352843
Ostrya virginia,OSVI,18.3,114.352843
Ostrya virginia,OSVI,18.4,115.9110255
Ostrya virginia,OSVI,18.5,117.4818218
Ostrya virginia,OSVI,18.5,117.4818218
Ostrya virginia,OSVI,19,125.5261627
Ostrya virginia,OSVI,19.2,128.833346
Ostrya virginia,OSVI,19.5,133.8907709
Ostrya virginia,OSVI,20.5,151.5969273
Ostrya virginia,OSVI,20.6,153.440119
Ostrya virginia,OSVI,21.2,164.7801127
Ostrya virginia,OSVI,21.5,170.6320467
Ostrya virginia,OSVI,23.9,221.9222628
Ostrya virginia,OSVI,31,423.3957083
Prunus avium,PRAV,24.9,245.7031721
Prunus serotina,PRSE,1,0.083743226
Prunus serotina,PRSE,1,0.083743226
Prunus serotina,PRSE,1,0.083743226
Prunus serotina,PRSE,1.1,0.106108071
Prunus serotina,PRSE,1.3,0.160667487
Prunus serotina,PRSE,1.4,0.193133967
Prunus serotina,PRSE,1.4,0.193133967
Prunus serotina,PRSE,1.5,0.22923046
Prunus serotina,PRSE,1.5,0.22923046
Prunus serotina,PRSE,1.7,0.312802043
Prunus serotina,PRSE,1.7,0.312802043
Prunus serotina,PRSE,1.7,0.312802043
Prunus serotina,PRSE,2,0.468336147
Prunus serotina,PRSE,2.1,0.528665906
Prunus serotina,PRSE,2.1,0.528665906
Prunus serotina,PRSE,2.1,0.528665906
Prunus serotina,PRSE,2.6,0.898537061
Prunus serotina,PRSE,2.6,0.898537061
Prunus serotina,PRSE,2.65,0.942064878
Prunus serotina,PRSE,2.7,0.986828295
Prunus serotina,PRSE,2.8,1.080106689
Prunus serotina,PRSE,2.9,1.178460724
Prunus serotina,PRSE,3,1.281977258
Prunus serotina,PRSE,3.1,1.390741619
Prunus serotina,PRSE,3.1,1.390741619
Prunus serotina,PRSE,3.5,1.879934305
Prunus serotina,PRSE,3.7,2.158135291
Prunus serotina,PRSE,3.7,2.158135291
Prunus serotina,PRSE,3.7,2.158135291
Prunus serotina,PRSE,3.7,2.158135291
Prunus serotina,PRSE,3.8,2.305909439
Prunus serotina,PRSE,3.8,2.305909439
Prunus serotina,PRSE,3.8,2.305909439
Prunus serotina,PRSE,4.2,2.956577705
Prunus serotina,PRSE,4.2,2.956577705
Prunus serotina,PRSE,4.4,3.318672579
Prunus serotina,PRSE,4.4,3.318672579
Prunus serotina,PRSE,4.6,3.706028543
Prunus serotina,PRSE,4.6,3.706028543
Prunus serotina,PRSE,4.8,4.11919449
Prunus serotina,PRSE,5,4.558707113
Prunus serotina,PRSE,5.2,5.02509167
Prunus serotina,PRSE,5.4,5.518862671
Prunus serotina,PRSE,5.6,6.040524497
Prunus serotina,PRSE,5.6,6.040524497
Prunus serotina,PRSE,6.2,7.77775835
Prunus serotina,PRSE,6.3,8.093044706
Prunus serotina,PRSE,6.4,8.41584349
Prunus serotina,PRSE,6.7,9.429886324
Prunus serotina,PRSE,6.8,9.78330447
Prunus serotina,PRSE,6.8,9.78330447
Prunus serotina,PRSE,6.9,10.14451764
Prunus serotina,PRSE,7.1,10.89054951
Prunus serotina,PRSE,7.2,11.27547742
Prunus serotina,PRSE,7.3,11.66841879
Prunus serotina,PRSE,7.4,12.06942724
Prunus serotina,PRSE,7.4,12.06942724
Prunus serotina,PRSE,7.4,12.06942724
Prunus serotina,PRSE,8,14.6478427
Prunus serotina,PRSE,8.4,16.53473701
Prunus serotina,PRSE,8.8,18.55976193
Prunus serotina,PRSE,8.8,18.55976193
Prunus serotina,PRSE,9.3,21.29006991
Prunus serotina,PRSE,9.4,21.86314873
Prunus serotina,PRSE,9.7,23.63726842
Prunus serotina,PRSE,10.1,26.1325516
Prunus serotina,PRSE,10.1,26.1325516
Prunus serotina,PRSE,10.4,28.10295468
Prunus serotina,PRSE,10.5,28.77884162
Prunus serotina,PRSE,10.8,30.86438173
Prunus serotina,PRSE,11,32.30341364
Prunus serotina,PRSE,11,32.30341364
Prunus serotina,PRSE,11.6,36.8579436
Prunus serotina,PRSE,12,40.0955624
Prunus serotina,PRSE,12,40.0955624
Prunus serotina,PRSE,12,40.0955624
Prunus serotina,PRSE,12.2,41.77575662
Prunus serotina,PRSE,12.3,42.63134446
Prunus serotina,PRSE,12.4,43.49731403
Prunus serotina,PRSE,12.8,47.06582162
Prunus serotina,PRSE,13.2,50.80366493
Prunus serotina,PRSE,13.2,50.80366493
Prunus serotina,PRSE,13.5,53.71970251
Prunus serotina,PRSE,13.7,55.71796079
Prunus serotina,PRSE,13.8,56.73347637
Prunus serotina,PRSE,14.7,66.37159978
Prunus serotina,PRSE,14.7,66.37159978
Prunus serotina,PRSE,15.3,73.30453671
Prunus serotina,PRSE,16.3,85.78623353
Prunus serotina,PRSE,16.8,92.4709429
Prunus serotina,PRSE,17.4,100.8913058
Prunus serotina,PRSE,17.7,105.2667687
Prunus serotina,PRSE,18.3,114.352843
Prunus serotina,PRSE,18.9,123.8918036
Prunus serotina,PRSE,19,125.5261627
Prunus serotina,PRSE,19.2,128.833346
Prunus serotina,PRSE,19.2,128.833346
Prunus serotina,PRSE,19.5,133.8907709
Prunus serotina,PRSE,19.8,139.0649503
Prunus serotina,PRSE,21,160.9464135
Prunus serotina,PRSE,21.2,164.7801127
Prunus serotina,PRSE,21.3,166.7172086
Prunus serotina,PRSE,22.8,197.4153315
Prunus serotina,PRSE,24,224.2354661
Prunus serotina,PRSE,25.2,253.1208545
Prunus serotina,PRSE,27.6,317.2834288
Prunus serotina,PRSE,29.4,371.1848824
Prunus serotina,PRSE,33.5,513.3321478
Prunus serotina,PRSE,34.1,536.4696842
Prunus serotina,PRSE,35.2,580.4815085
Prunus serotina,PRSE,37.6,683.7993722
Prunus serotina,PRSE,38,702.0083003
Prunus serotina,PRSE,38.3,715.8529847
Prunus serotina,PRSE,38.4,720.5038082
Prunus serotina,PRSE,39.2,758.3603744
Prunus serotina,PRSE,42.8,943.2792591
Prunus serotina,PRSE,43.8,998.9658416
Prunus serotina,PRSE,44.6,1044.895374
Prunus serotina,PRSE,44.8,1056.570869
Prunus serotina,PRSE,49.7,1367.258954
Prunus serotina,PRSE,50.1,1394.750986
Prunus serotina,PRSE,54.5,1719.05748
Prunus serotina,PRSE,55.4,1790.425215
Prunus serotina,PRSE,73.2,3576.538914
Quercus alba,QUAL,27.1,411.1775023
Quercus alba,QUAL,36.9,871.6679478
Quercus alba,QUAL,40.1,1067.258268
Quercus alba,QUAL,48.7,1712.688942
Quercus alba,QUAL,49.5,1781.982651
Quercus alba,QUAL,54.6,2262.402266
Quercus alba,QUAL,57.7,2587.912931
Quercus alba,QUAL,62.8,3180.452114
Quercus alba,QUAL,63.8,3305.141006
Quercus alba,QUAL,65.2,3484.472119
Quercus alba,QUAL,70,4142.219848
Quercus alba,QUAL,73,4587.710476
Quercus alba,QUAL,73.2,4618.366239
Quercus alba,QUAL,76.6,5158.045482
Quercus alba,QUAL,77,5223.856274
Quercus alba,QUAL,78.2,5424.245965
Quercus alba,QUAL,78.3,5441.145977
Quercus alba,QUAL,79,5560.314567
Quercus alba,QUAL,80.1,5750.661002
Quercus alba,QUAL,82.8,6233.97336
Quercus alba,QUAL,83.2,6307.535408
Quercus alba,QUAL,86,6836.780335
Quercus alba,QUAL,87.7,7170.428448
Quercus alba,QUAL,91.9,8035.226329
Quercus alba,QUAL,92,8056.526234
Quercus alba,QUAL,94.1,8511.524579
Quercus alba,QUAL,95.6,8845.57558
Quercus alba,QUAL,96,8935.937689
Quercus alba,QUAL,96.2,8981.321784
Quercus alba,QUAL,98.3,9466.060359
Quercus alba,QUAL,99,9630.984568
Quercus alba,QUAL,100.3,9941.736024
Quercus alba,QUAL,100.7,10038.52335
Quercus alba,QUAL,102.1,10381.63983
Quercus alba,QUAL,110.8,12668.1787
Quercus alba,QUAL,111.7,12920.11949
Quercus rubra,QURU,8,21.09585553
Quercus rubra,QURU,82.2,6124.582295
Quercus rubra,QURU,95.6,8845.57558
Quercus rubra,QURU,105.2,11165.70656
Quercus rubra,QURU,108.1,11929.82301
Quercus rubra,QURU,108.4,12010.57432
Quercus velutina,QUVE,67.9,3846.209187
Quercus velutina,QUVE,72.4,4496.463932
Quercus velutina,QUVE,73.8,4711.056277
Quercus velutina,QUVE,81.9,6070.314188
Quercus velutina,QUVE,83.4,6344.507232
Quercus velutina,QUVE,90.8,7803.116101
Sassafras albidum,SAAL,25.9,270.9440692
Sassafras albidum,SAAL,28,328.8263833
Sassafras albidum,SAAL,30.3,400.0483217
Sassafras albidum,SAAL,31.9,454.5836865
Tilia americana,TIAM,47.3,1209.114218
Tilia americana,TIAM,78.3,4227.727831
Ulmus americana,ULAM,8.4,16.53473701
Ulmus americana,ULAM,11.4,35.29985189
Ulmus americana,ULAM,12,40.0955624
Ulmus americana,ULAM,12.1,40.93050962
Ulmus americana,ULAM,13.3,51.76488282
Ulmus americana,ULAM,13.7,55.71796079
Ulmus americana,ULAM,14.4,63.0583981
Ulmus rubra,ULRU,3.7,2.158135291
Ulmus rubra,ULRU,8.5,17.02791944
Ulmus rubra,ULRU,8.5,17.02791944
Ulmus rubra,ULRU,8.5,17.02791944
Ulmus rubra,ULRU,11.3,34.53583806
Ulmus rubra,ULRU,11.8,38.45640209
Ulmus rubra,ULRU,12.8,47.06582162
Ulmus rubra,ULRU,12.8,47.06582162
Ulmus rubra,ULRU,12.9,47.98430738
Ulmus rubra,ULRU,13.6,54.7133824
Ulmus rubra,ULRU,14.8,67.49858289
Ulmus rubra,ULRU,16.9,93.84395785
Ulmus rubra,ULRU,18.1,111.2741859
Ulmus rubra,ULRU,18.8,122.2702228
Ulmus rubra,ULRU,19.1,127.1733327
Ulmus rubra,ULRU,19.7,137.3271976
Ulmus rubra,ULRU,20,142.5796943
Ulmus rubra,ULRU,20.5,151.5969273
Ulmus rubra,ULRU,21.6,172.6098503
Ulmus rubra,ULRU,21.7,174.6012843
Ulmus rubra,ULRU,27.8,323.0241077
Ulmus rubra,ULRU,27.8,323.0241077
Ulmus rubra,ULRU,30.2,396.7774004
Ulmus rubra,ULRU,31.9,454.5836865
Ulmus rubra,ULRU,32.7,483.424914
Ulmus rubra,ULRU,32.9,490.8012921
Ulmus rubra,ULRU,33.5,513.3321478
Ulmus rubra,ULRU,36.4,630.8774018
Ulmus rubra,ULRU,36.8,648.2353977
Ulmus rubra,ULRU,41.9,894.7840025
Ulmus rubra,ULRU,50.8,1443.650994